id	text	bare_text	sequence_num	morph_code	base_form	bare_base_form	definition
1	γογγῠ́λου	γογγυλου	1	a-s---mgp	γογγύλος	γογγυλος	round
2	γογγῠ́λης	γογγυλης	2	a-s---fgp	γογγύλος	γογγυλος	round
3	γογγῠ́λου	γογγυλου	3	a-s---ngp	γογγύλος	γογγυλος	round
4	γογγῠ́λοιν	γογγυλοιν	4	a-d---mgp	γογγύλος	γογγυλος	round
5	γογγῠ́λαιν	γογγυλαιν	5	a-d---fgp	γογγύλος	γογγυλος	round
6	γογγῠ́λοιν	γογγυλοιν	6	a-d---ngp	γογγύλος	γογγυλος	round
7	γογγῠ́λων	γογγυλων	7	a-p---mgp	γογγύλος	γογγυλος	round
8	γογγῠ́λων	γογγυλων	8	a-p---fgp	γογγύλος	γογγυλος	round
9	γογγῠ́λων	γογγυλων	9	a-p---ngp	γογγύλος	γογγυλος	round
10	γογγῠ́λῳ	γογγυλω	10	a-s---mdp	γογγύλος	γογγυλος	round
11	γογγῠ́λῃ	γογγυλη	11	a-s---fdp	γογγύλος	γογγυλος	round
12	γογγῠ́λῳ	γογγυλω	12	a-s---ndp	γογγύλος	γογγυλος	round
13	γογγῠ́λοιν	γογγυλοιν	13	a-d---mdp	γογγύλος	γογγυλος	round
14	γογγῠ́λαιν	γογγυλαιν	14	a-d---fdp	γογγύλος	γογγυλος	round
15	γογγῠ́λοιν	γογγυλοιν	15	a-d---ndp	γογγύλος	γογγυλος	round
16	γογγῠ́λοις	γογγυλοις	16	a-p---mdp	γογγύλος	γογγυλος	round
17	γογγῠ́λαις	γογγυλαις	17	a-p---fdp	γογγύλος	γογγυλος	round
18	γογγῠ́λοις	γογγυλοις	18	a-p---ndp	γογγύλος	γογγυλος	round
19	γογγῠ́λον	γογγυλον	19	a-s---map	γογγύλος	γογγυλος	round
20	γογγῠ́λην	γογγυλην	20	a-s---fap	γογγύλος	γογγυλος	round
21	γογγῠ́λον	γογγυλον	21	a-s---nap	γογγύλος	γογγυλος	round
22	γογγῠ́λω	γογγυλω	22	a-d---map	γογγύλος	γογγυλος	round
23	γογγῠ́λᾱ	γογγυλα	23	a-d---fap	γογγύλος	γογγυλος	round
24	γογγῠ́λω	γογγυλω	24	a-d---nap	γογγύλος	γογγυλος	round
25	γογγῠ́λους	γογγυλους	25	a-p---map	γογγύλος	γογγυλος	round
26	γογγῠ́λᾱς	γογγυλας	26	a-p---fap	γογγύλος	γογγυλος	round
27	γογγῠ́λᾰ	γογγυλα	27	a-p---nap	γογγύλος	γογγυλος	round
28	γογγῠ́λε	γογγυλε	28	a-s---mvp	γογγύλος	γογγυλος	round
29	γογγῠ́λη	γογγυλη	29	a-s---fvp	γογγύλος	γογγυλος	round
30	γογγῠ́λον	γογγυλον	30	a-s---nvp	γογγύλος	γογγυλος	round
31	γογγῠ́λω	γογγυλω	31	a-d---mvp	γογγύλος	γογγυλος	round
32	γογγῠ́λᾱ	γογγυλα	32	a-d---fvp	γογγύλος	γογγυλος	round
33	γογγῠ́λω	γογγυλω	33	a-d---nvp	γογγύλος	γογγυλος	round
34	γογγῠ́λοι	γογγυλοι	34	a-p---mvp	γογγύλος	γογγυλος	round
35	γογγῠ́λαι	γογγυλαι	35	a-p---fvp	γογγύλος	γογγυλος	round
36	γογγῠ́λᾰ	γογγυλα	36	a-p---nvp	γογγύλος	γογγυλος	round
37	ὁ ἱδρώς	ο ιδρως	37	n-s----n-	ἱδρώς	ιδρως	sweat
38	τὼ ἱδρῶτε	τω ιδρωτε	38	n-d----n-	ἱδρώς	ιδρως	sweat
39	οἱ ἱδρῶτες	οι ιδρωτες	39	n-p----n-	ἱδρώς	ιδρως	sweat
40	τοῦ ἱδρῶτος	του ιδρωτος	40	n-s----g-	ἱδρώς	ιδρως	sweat
41	τοῖν ἱδρώτοιν	τοιν ιδρωτοιν	41	n-d----g-	ἱδρώς	ιδρως	sweat
42	τῶν ἱδρώτων	των ιδρωτων	42	n-p----g-	ἱδρώς	ιδρως	sweat
43	τῷ ἱδρῶτι	τω ιδρωτι	43	n-s----d-	ἱδρώς	ιδρως	sweat
44	τοῖν ἱδρώτοιν	τοιν ιδρωτοιν	44	n-d----d-	ἱδρώς	ιδρως	sweat
45	τοῖς ἱδρῶσῐ	τοις ιδρωσι	45	n-p----d-	ἱδρώς	ιδρως	sweat
46	τὸν ἱδρῶτᾰ	τον ιδρωτα	46	n-s----a-	ἱδρώς	ιδρως	sweat
47	τὼ ἱδρῶτε	τω ιδρωτε	47	n-d----a-	ἱδρώς	ιδρως	sweat
48	τοὺς ἱδρῶτᾰς	τους ιδρωτας	48	n-p----a-	ἱδρώς	ιδρως	sweat
49	ἱδρώς	ιδρως	49	n-s----v-	ἱδρώς	ιδρως	sweat
50	ἱδρῶτε	ιδρωτε	50	n-d----v-	ἱδρώς	ιδρως	sweat
51	ἱδρῶτες	ιδρωτες	51	n-p----v-	ἱδρώς	ιδρως	sweat
52	χειμερῐνοῦ	χειμερινου	52	a-s---mgp	χειμερινός	χειμερινος	of
53	χειμερῐνῆς	χειμερινης	53	a-s---fgp	χειμερινός	χειμερινος	of
54	χειμερῐνοῦ	χειμερινου	54	a-s---ngp	χειμερινός	χειμερινος	of
55	χειμερῐνοῖν	χειμερινοιν	55	a-d---mgp	χειμερινός	χειμερινος	of
56	χειμερῐναῖν	χειμεριναιν	56	a-d---fgp	χειμερινός	χειμερινος	of
57	χειμερῐνοῖν	χειμερινοιν	57	a-d---ngp	χειμερινός	χειμερινος	of
58	χειμερῐνῶν	χειμερινων	58	a-p---mgp	χειμερινός	χειμερινος	of
59	χειμερῐνῶν	χειμερινων	59	a-p---fgp	χειμερινός	χειμερινος	of
60	χειμερῐνῶν	χειμερινων	60	a-p---ngp	χειμερινός	χειμερινος	of
61	χειμερῐνῷ	χειμερινω	61	a-s---mdp	χειμερινός	χειμερινος	of
62	χειμερῐνῇ	χειμερινη	62	a-s---fdp	χειμερινός	χειμερινος	of
63	χειμερῐνῷ	χειμερινω	63	a-s---ndp	χειμερινός	χειμερινος	of
64	χειμερῐνοῖν	χειμερινοιν	64	a-d---mdp	χειμερινός	χειμερινος	of
65	χειμερῐναῖν	χειμεριναιν	65	a-d---fdp	χειμερινός	χειμερινος	of
66	χειμερῐνοῖν	χειμερινοιν	66	a-d---ndp	χειμερινός	χειμερινος	of
67	χειμερῐνοῖς	χειμερινοις	67	a-p---mdp	χειμερινός	χειμερινος	of
68	χειμερῐναῖς	χειμεριναις	68	a-p---fdp	χειμερινός	χειμερινος	of
69	χειμερῐνοῖς	χειμερινοις	69	a-p---ndp	χειμερινός	χειμερινος	of
70	χειμερῐνόν	χειμερινον	70	a-s---map	χειμερινός	χειμερινος	of
71	χειμερῐνήν	χειμερινην	71	a-s---fap	χειμερινός	χειμερινος	of
72	χειμερῐνόν	χειμερινον	72	a-s---nap	χειμερινός	χειμερινος	of
73	χειμερῐνώ	χειμερινω	73	a-d---map	χειμερινός	χειμερινος	of
74	χειμερῐνᾱ́	χειμερινα	74	a-d---fap	χειμερινός	χειμερινος	of
75	χειμερῐνώ	χειμερινω	75	a-d---nap	χειμερινός	χειμερινος	of
76	χειμερῐνούς	χειμερινους	76	a-p---map	χειμερινός	χειμερινος	of
77	χειμερῐνᾱ́ς	χειμερινας	77	a-p---fap	χειμερινός	χειμερινος	of
78	χειμερῐνᾰ́	χειμερινα	78	a-p---nap	χειμερινός	χειμερινος	of
79	χειμερῐνέ	χειμερινε	79	a-s---mvp	χειμερινός	χειμερινος	of
80	χειμερῐνή	χειμερινη	80	a-s---fvp	χειμερινός	χειμερινος	of
81	χειμερῐνόν	χειμερινον	81	a-s---nvp	χειμερινός	χειμερινος	of
82	χειμερῐνώ	χειμερινω	82	a-d---mvp	χειμερινός	χειμερινος	of
83	χειμερῐνᾱ́	χειμερινα	83	a-d---fvp	χειμερινός	χειμερινος	of
84	χειμερῐνώ	χειμερινω	84	a-d---nvp	χειμερινός	χειμερινος	of
85	χειμερῐνοί	χειμερινοι	85	a-p---mvp	χειμερινός	χειμερινος	of
86	χειμερῐναί	χειμεριναι	86	a-p---fvp	χειμερινός	χειμερινος	of
87	χειμερῐνᾰ́	χειμερινα	87	a-p---nvp	χειμερινός	χειμερινος	of
88	χειμερινός	χειμερινος	88	a-s---mnp	χειμερινός	χειμερινος	of
89	χειμερινή	χειμερινη	89	a-s---fnp	χειμερινός	χειμερινος	of
90	χειμερινό	χειμερινο	90	a-s---nnp	χειμερινός	χειμερινος	of
91	χειμερινές	χειμερινες	91	a-p---mnp	χειμερινός	χειμερινος	of
92	χειμερινά	χειμερινα	92	a-p---fnp	χειμερινός	χειμερινος	of
93	χειμερινού	χειμερινου	93	a-s---mgp	χειμερινός	χειμερινος	of
94	χειμερινής	χειμερινης	94	a-s---fgp	χειμερινός	χειμερινος	of
95	χειμερινού	χειμερινου	95	a-s---ngp	χειμερινός	χειμερινος	of
96	χειμερινών	χειμερινων	96	a-p---mgp	χειμερινός	χειμερινος	of
97	χειμερινών	χειμερινων	97	a-p---fgp	χειμερινός	χειμερινος	of
98	χειμερινό	χειμερινο	98	a-s---map	χειμερινός	χειμερινος	of
99	χειμερινή	χειμερινη	99	a-s---fap	χειμερινός	χειμερινος	of
100	χειμερινό	χειμερινο	100	a-s---nap	χειμερινός	χειμερινος	of
101	χειμερινές	χειμερινες	101	a-p---map	χειμερινός	χειμερινος	of
102	χειμερινά	χειμερινα	102	a-p---fap	χειμερινός	χειμερινος	of
103	χειμερινέ	χειμερινε	103	a-s---mvp	χειμερινός	χειμερινος	of
104	χειμερινή	χειμερινη	104	a-s---fvp	χειμερινός	χειμερινος	of
105	χειμερινό	χειμερινο	105	a-s---nvp	χειμερινός	χειμερινος	of
106	χειμερινές	χειμερινες	106	a-p---mvp	χειμερινός	χειμερινος	of
107	χειμερινά	χειμερινα	107	a-p---fvp	χειμερινός	χειμερινος	of
108	βλᾰσφήμου	βλασφημου	108	a-s---mfgp	βλάσφημος	βλασφημος	evil-speaking
109	βλᾰσφήμου	βλασφημου	109	a-s---ngp	βλάσφημος	βλασφημος	evil-speaking
110	βλᾰσφήμοιν	βλασφημοιν	110	a-d---mfgp	βλάσφημος	βλασφημος	evil-speaking
111	βλᾰσφήμοιν	βλασφημοιν	111	a-d---ngp	βλάσφημος	βλασφημος	evil-speaking
112	βλᾰσφήμων	βλασφημων	112	a-p---mfgp	βλάσφημος	βλασφημος	evil-speaking
113	βλᾰσφήμων	βλασφημων	113	a-p---ngp	βλάσφημος	βλασφημος	evil-speaking
114	βλᾰσφήμῳ	βλασφημω	114	a-s---mfdp	βλάσφημος	βλασφημος	evil-speaking
115	βλᾰσφήμῳ	βλασφημω	115	a-s---ndp	βλάσφημος	βλασφημος	evil-speaking
116	βλᾰσφήμοιν	βλασφημοιν	116	a-d---mfdp	βλάσφημος	βλασφημος	evil-speaking
117	βλᾰσφήμοιν	βλασφημοιν	117	a-d---ndp	βλάσφημος	βλασφημος	evil-speaking
118	βλᾰσφήμοις	βλασφημοις	118	a-p---mfdp	βλάσφημος	βλασφημος	evil-speaking
119	βλᾰσφήμοις	βλασφημοις	119	a-p---ndp	βλάσφημος	βλασφημος	evil-speaking
120	βλᾰ́σφημον	βλασφημον	120	a-s---mfap	βλάσφημος	βλασφημος	evil-speaking
121	βλᾰ́σφημον	βλασφημον	121	a-s---nap	βλάσφημος	βλασφημος	evil-speaking
122	βλᾰσφήμω	βλασφημω	122	a-d---mfap	βλάσφημος	βλασφημος	evil-speaking
123	βλᾰσφήμω	βλασφημω	123	a-d---nap	βλάσφημος	βλασφημος	evil-speaking
124	βλᾰσφήμους	βλασφημους	124	a-p---mfap	βλάσφημος	βλασφημος	evil-speaking
125	βλᾰ́σφημᾰ	βλασφημα	125	a-p---nap	βλάσφημος	βλασφημος	evil-speaking
126	βλᾰ́σφημε	βλασφημε	126	a-s---mfvp	βλάσφημος	βλασφημος	evil-speaking
127	βλᾰ́σφημον	βλασφημον	127	a-s---nvp	βλάσφημος	βλασφημος	evil-speaking
128	βλᾰσφήμω	βλασφημω	128	a-d---mfvp	βλάσφημος	βλασφημος	evil-speaking
129	βλᾰσφήμω	βλασφημω	129	a-d---nvp	βλάσφημος	βλασφημος	evil-speaking
130	βλᾰ́σφημοι	βλασφημοι	130	a-p---mfvp	βλάσφημος	βλασφημος	evil-speaking
131	βλᾰ́σφημᾰ	βλασφημα	131	a-p---nvp	βλάσφημος	βλασφημος	evil-speaking
132	ὁ κόρᾰξ	ο κοραξ	132	n-s----n-	κόραξ	κοραξ	carrion-crow
133	τὼ κόρᾰκε	τω κορακε	133	n-d----n-	κόραξ	κοραξ	carrion-crow
134	οἱ κόρᾰκες	οι κορακες	134	n-p----n-	κόραξ	κοραξ	carrion-crow
135	τοῦ κόρᾰκος	του κορακος	135	n-s----g-	κόραξ	κοραξ	carrion-crow
136	τοῖν κορᾰ́κοιν	τοιν κορακοιν	136	n-d----g-	κόραξ	κοραξ	carrion-crow
137	τῶν κορᾰ́κων	των κορακων	137	n-p----g-	κόραξ	κοραξ	carrion-crow
138	τῷ κόρᾰκῐ	τω κορακι	138	n-s----d-	κόραξ	κοραξ	carrion-crow
139	τοῖν κορᾰ́κοιν	τοιν κορακοιν	139	n-d----d-	κόραξ	κοραξ	carrion-crow
140	τοῖς κόρᾰξῐ	τοις κοραξι	140	n-p----d-	κόραξ	κοραξ	carrion-crow
141	τὸν κόρᾰκᾰ	τον κορακα	141	n-s----a-	κόραξ	κοραξ	carrion-crow
142	τὼ κόρᾰκε	τω κορακε	142	n-d----a-	κόραξ	κοραξ	carrion-crow
143	τοὺς κόρᾰκᾰς	τους κορακας	143	n-p----a-	κόραξ	κοραξ	carrion-crow
144	κόρᾰξ	κοραξ	144	n-s----v-	κόραξ	κοραξ	carrion-crow
145	κόρᾰκε	κορακε	145	n-d----v-	κόραξ	κοραξ	carrion-crow
146	κόρᾰκες	κορακες	146	n-p----v-	κόραξ	κοραξ	carrion-crow
147	ὁ αὐθέντης	ο αυθεντης	147	n-s----n-	αὐθέντης	αυθεντης	one who does
148	τὼ αὐθέντᾱ	τω αυθεντα	148	n-d----n-	αὐθέντης	αυθεντης	one who does
149	οἱ αὐθένται	οι αυθενται	149	n-p----n-	αὐθέντης	αυθεντης	one who does
150	τοῦ αὐθέντου	του αυθεντου	150	n-s----g-	αὐθέντης	αυθεντης	one who does
151	τοῖν αὐθένταιν	τοιν αυθενταιν	151	n-d----g-	αὐθέντης	αυθεντης	one who does
152	τῶν αὐθεντῶν	των αυθεντων	152	n-p----g-	αὐθέντης	αυθεντης	one who does
153	τῷ αὐθέντῃ	τω αυθεντη	153	n-s----d-	αὐθέντης	αυθεντης	one who does
154	τοῖν αὐθένταιν	τοιν αυθενταιν	154	n-d----d-	αὐθέντης	αυθεντης	one who does
155	τοῖς αὐθένταις	τοις αυθενταις	155	n-p----d-	αὐθέντης	αυθεντης	one who does
156	τὸν αὐθέντην	τον αυθεντην	156	n-s----a-	αὐθέντης	αυθεντης	one who does
157	τὼ αὐθέντᾱ	τω αυθεντα	157	n-d----a-	αὐθέντης	αυθεντης	one who does
158	τοὺς αὐθέντᾱς	τους αυθεντας	158	n-p----a-	αὐθέντης	αυθεντης	one who does
159	αὐθέντᾰ	αυθεντα	159	n-s----v-	αὐθέντης	αυθεντης	one who does
160	αὐθέντᾱ	αυθεντα	160	n-d----v-	αὐθέντης	αυθεντης	one who does
161	αὐθένται	αυθενται	161	n-p----v-	αὐθέντης	αυθεντης	one who does
162	ἡ σπῠρῐ́ς	η σπυρις	162	n-s----n-	σπυρίς	σπυρις	a large basket, a creel
163	τὼ σπῠρῐ́δε	τω σπυριδε	163	n-d----n-	σπυρίς	σπυρις	a large basket, a creel
164	αἱ σπῠρῐ́δες	αι σπυριδες	164	n-p----n-	σπυρίς	σπυρις	a large basket, a creel
165	τῆς σπῠρῐ́δος	της σπυριδος	165	n-s----g-	σπυρίς	σπυρις	a large basket, a creel
166	τοῖν σπῠρῐ́δοιν	τοιν σπυριδοιν	166	n-d----g-	σπυρίς	σπυρις	a large basket, a creel
167	τῶν σπῠρῐ́δων	των σπυριδων	167	n-p----g-	σπυρίς	σπυρις	a large basket, a creel
168	τῇ σπῠρῐ́δῐ	τη σπυριδι	168	n-s----d-	σπυρίς	σπυρις	a large basket, a creel
169	τοῖν σπῠρῐ́δοιν	τοιν σπυριδοιν	169	n-d----d-	σπυρίς	σπυρις	a large basket, a creel
170	ταῖς σπῠρῐ́σῐ	ταις σπυρισι	170	n-p----d-	σπυρίς	σπυρις	a large basket, a creel
171	τὴν σπῠρῐ́δᾰ	την σπυριδα	171	n-s----a-	σπυρίς	σπυρις	a large basket, a creel
172	τὼ σπῠρῐ́δε	τω σπυριδε	172	n-d----a-	σπυρίς	σπυρις	a large basket, a creel
173	τᾱ̀ς σπῠρῐ́δᾰς	τας σπυριδας	173	n-p----a-	σπυρίς	σπυρις	a large basket, a creel
174	σπῠρῐ́ς	σπυρις	174	n-s----v-	σπυρίς	σπυρις	a large basket, a creel
175	σπῠρῐ́δε	σπυριδε	175	n-d----v-	σπυρίς	σπυρις	a large basket, a creel
176	σπῠρῐ́δες	σπυριδες	176	n-p----v-	σπυρίς	σπυρις	a large basket, a creel
177	ὁ τένων	ο τενων	177	n-s----n-	τένων	τενων	any tight-stretched band, a sinew, tendon
178	τὼ τένοντε	τω τενοντε	178	n-d----n-	τένων	τενων	any tight-stretched band, a sinew, tendon
179	οἱ τένοντες	οι τενοντες	179	n-p----n-	τένων	τενων	any tight-stretched band, a sinew, tendon
180	τοῦ τένοντος	του τενοντος	180	n-s----g-	τένων	τενων	any tight-stretched band, a sinew, tendon
181	τοῖν τενόντοιν	τοιν τενοντοιν	181	n-d----g-	τένων	τενων	any tight-stretched band, a sinew, tendon
182	τῶν τενόντων	των τενοντων	182	n-p----g-	τένων	τενων	any tight-stretched band, a sinew, tendon
183	τῷ τένοντῐ	τω τενοντι	183	n-s----d-	τένων	τενων	any tight-stretched band, a sinew, tendon
184	τοῖν τενόντοιν	τοιν τενοντοιν	184	n-d----d-	τένων	τενων	any tight-stretched band, a sinew, tendon
185	τοῖς τένουσῐ	τοις τενουσι	185	n-p----d-	τένων	τενων	any tight-stretched band, a sinew, tendon
186	τὸν τένοντᾰ	τον τενοντα	186	n-s----a-	τένων	τενων	any tight-stretched band, a sinew, tendon
187	τὼ τένοντε	τω τενοντε	187	n-d----a-	τένων	τενων	any tight-stretched band, a sinew, tendon
188	τοὺς τένοντᾰς	τους τενοντας	188	n-p----a-	τένων	τενων	any tight-stretched band, a sinew, tendon
189	τένον	τενον	189	n-s----v-	τένων	τενων	any tight-stretched band, a sinew, tendon
190	τένοντε	τενοντε	190	n-d----v-	τένων	τενων	any tight-stretched band, a sinew, tendon
191	τένοντες	τενοντες	191	n-p----v-	τένων	τενων	any tight-stretched band, a sinew, tendon
192	ὁ βρᾰ́γχος	ο βραγχος	192	n-s----n-	βράγχος	βραγχος	hoarseness
193	τὼ βρᾰ́γχω	τω βραγχω	193	n-d----n-	βράγχος	βραγχος	hoarseness
194	οἱ βρᾰ́γχοι	οι βραγχοι	194	n-p----n-	βράγχος	βραγχος	hoarseness
195	τοῦ βρᾰ́γχου	του βραγχου	195	n-s----g-	βράγχος	βραγχος	hoarseness
196	τοῖν βρᾰ́γχοιν	τοιν βραγχοιν	196	n-d----g-	βράγχος	βραγχος	hoarseness
197	τῶν βρᾰ́γχων	των βραγχων	197	n-p----g-	βράγχος	βραγχος	hoarseness
198	τῷ βρᾰ́γχῳ	τω βραγχω	198	n-s----d-	βράγχος	βραγχος	hoarseness
199	τοῖν βρᾰ́γχοιν	τοιν βραγχοιν	199	n-d----d-	βράγχος	βραγχος	hoarseness
200	τοῖς βρᾰ́γχοις	τοις βραγχοις	200	n-p----d-	βράγχος	βραγχος	hoarseness
201	τὸν βρᾰ́γχον	τον βραγχον	201	n-s----a-	βράγχος	βραγχος	hoarseness
202	τὼ βρᾰ́γχω	τω βραγχω	202	n-d----a-	βράγχος	βραγχος	hoarseness
203	τοὺς βρᾰ́γχους	τους βραγχους	203	n-p----a-	βράγχος	βραγχος	hoarseness
204	βρᾰ́γχε	βραγχε	204	n-s----v-	βράγχος	βραγχος	hoarseness
205	βρᾰ́γχω	βραγχω	205	n-d----v-	βράγχος	βραγχος	hoarseness
206	βρᾰ́γχοι	βραγχοι	206	n-p----v-	βράγχος	βραγχος	hoarseness
207	ὁ νῐπτήρ	ο νιπτηρ	207	n-s----n-	νιπτήρ	νιπτηρ	a washing vessel, basin
208	τὼ νῐπτῆρε	τω νιπτηρε	208	n-d----n-	νιπτήρ	νιπτηρ	a washing vessel, basin
209	οἱ νῐπτῆρες	οι νιπτηρες	209	n-p----n-	νιπτήρ	νιπτηρ	a washing vessel, basin
210	τοῦ νῐπτῆρος	του νιπτηρος	210	n-s----g-	νιπτήρ	νιπτηρ	a washing vessel, basin
211	τοῖν νῐπτήροιν	τοιν νιπτηροιν	211	n-d----g-	νιπτήρ	νιπτηρ	a washing vessel, basin
212	τῶν νῐπτήρων	των νιπτηρων	212	n-p----g-	νιπτήρ	νιπτηρ	a washing vessel, basin
213	τῷ νῐπτῆρῐ	τω νιπτηρι	213	n-s----d-	νιπτήρ	νιπτηρ	a washing vessel, basin
214	τοῖν νῐπτήροιν	τοιν νιπτηροιν	214	n-d----d-	νιπτήρ	νιπτηρ	a washing vessel, basin
215	τοῖς νῐπτῆρσῐ	τοις νιπτηρσι	215	n-p----d-	νιπτήρ	νιπτηρ	a washing vessel, basin
216	τὸν νῐπτῆρᾰ	τον νιπτηρα	216	n-s----a-	νιπτήρ	νιπτηρ	a washing vessel, basin
217	τὼ νῐπτῆρε	τω νιπτηρε	217	n-d----a-	νιπτήρ	νιπτηρ	a washing vessel, basin
218	τοὺς νῐπτῆρᾰς	τους νιπτηρας	218	n-p----a-	νιπτήρ	νιπτηρ	a washing vessel, basin
219	νῐπτήρ	νιπτηρ	219	n-s----v-	νιπτήρ	νιπτηρ	a washing vessel, basin
220	νῐπτῆρε	νιπτηρε	220	n-d----v-	νιπτήρ	νιπτηρ	a washing vessel, basin
221	νῐπτῆρες	νιπτηρες	221	n-p----v-	νιπτήρ	νιπτηρ	a washing vessel, basin
222	ζητητῐκοῦ	ζητητικου	222	a-s---mgp	ζητητικός	ζητητικος	disposed to search
223	ζητητῐκῆς	ζητητικης	223	a-s---fgp	ζητητικός	ζητητικος	disposed to search
224	ζητητῐκοῦ	ζητητικου	224	a-s---ngp	ζητητικός	ζητητικος	disposed to search
225	ζητητῐκοῖν	ζητητικοιν	225	a-d---mgp	ζητητικός	ζητητικος	disposed to search
226	ζητητῐκαῖν	ζητητικαιν	226	a-d---fgp	ζητητικός	ζητητικος	disposed to search
227	ζητητῐκοῖν	ζητητικοιν	227	a-d---ngp	ζητητικός	ζητητικος	disposed to search
228	ζητητῐκῶν	ζητητικων	228	a-p---mgp	ζητητικός	ζητητικος	disposed to search
229	ζητητῐκῶν	ζητητικων	229	a-p---fgp	ζητητικός	ζητητικος	disposed to search
230	ζητητῐκῶν	ζητητικων	230	a-p---ngp	ζητητικός	ζητητικος	disposed to search
231	ζητητῐκῷ	ζητητικω	231	a-s---mdp	ζητητικός	ζητητικος	disposed to search
232	ζητητῐκῇ	ζητητικη	232	a-s---fdp	ζητητικός	ζητητικος	disposed to search
233	ζητητῐκῷ	ζητητικω	233	a-s---ndp	ζητητικός	ζητητικος	disposed to search
234	ζητητῐκοῖν	ζητητικοιν	234	a-d---mdp	ζητητικός	ζητητικος	disposed to search
235	ζητητῐκαῖν	ζητητικαιν	235	a-d---fdp	ζητητικός	ζητητικος	disposed to search
236	ζητητῐκοῖν	ζητητικοιν	236	a-d---ndp	ζητητικός	ζητητικος	disposed to search
237	ζητητῐκοῖς	ζητητικοις	237	a-p---mdp	ζητητικός	ζητητικος	disposed to search
238	ζητητῐκαῖς	ζητητικαις	238	a-p---fdp	ζητητικός	ζητητικος	disposed to search
239	ζητητῐκοῖς	ζητητικοις	239	a-p---ndp	ζητητικός	ζητητικος	disposed to search
240	ζητητῐκόν	ζητητικον	240	a-s---map	ζητητικός	ζητητικος	disposed to search
241	ζητητῐκήν	ζητητικην	241	a-s---fap	ζητητικός	ζητητικος	disposed to search
242	ζητητῐκόν	ζητητικον	242	a-s---nap	ζητητικός	ζητητικος	disposed to search
243	ζητητῐκώ	ζητητικω	243	a-d---map	ζητητικός	ζητητικος	disposed to search
244	ζητητῐκᾱ́	ζητητικα	244	a-d---fap	ζητητικός	ζητητικος	disposed to search
245	ζητητῐκώ	ζητητικω	245	a-d---nap	ζητητικός	ζητητικος	disposed to search
246	ζητητῐκούς	ζητητικους	246	a-p---map	ζητητικός	ζητητικος	disposed to search
247	ζητητῐκᾱ́ς	ζητητικας	247	a-p---fap	ζητητικός	ζητητικος	disposed to search
248	ζητητῐκᾰ́	ζητητικα	248	a-p---nap	ζητητικός	ζητητικος	disposed to search
249	ζητητῐκέ	ζητητικε	249	a-s---mvp	ζητητικός	ζητητικος	disposed to search
250	ζητητῐκή	ζητητικη	250	a-s---fvp	ζητητικός	ζητητικος	disposed to search
251	ζητητῐκόν	ζητητικον	251	a-s---nvp	ζητητικός	ζητητικος	disposed to search
252	ζητητῐκώ	ζητητικω	252	a-d---mvp	ζητητικός	ζητητικος	disposed to search
253	ζητητῐκᾱ́	ζητητικα	253	a-d---fvp	ζητητικός	ζητητικος	disposed to search
254	ζητητῐκώ	ζητητικω	254	a-d---nvp	ζητητικός	ζητητικος	disposed to search
255	ζητητῐκοί	ζητητικοι	255	a-p---mvp	ζητητικός	ζητητικος	disposed to search
256	ζητητῐκαί	ζητητικαι	256	a-p---fvp	ζητητικός	ζητητικος	disposed to search
257	ζητητῐκᾰ́	ζητητικα	257	a-p---nvp	ζητητικός	ζητητικος	disposed to search
258	τρίπλευρος	τριπλευρος	258	a-s---mnp	τρίπλευρος	τριπλευρος	three-sided.
259	τρίπλευρη	τριπλευρη	259	a-s---fnp	τρίπλευρος	τριπλευρος	three-sided.
260	τρίπλευρο	τριπλευρο	260	a-s---nnp	τρίπλευρος	τριπλευρος	three-sided.
261	τρίπλευρες	τριπλευρες	261	a-p---mnp	τρίπλευρος	τριπλευρος	three-sided.
262	τρίπλευρα	τριπλευρα	262	a-p---fnp	τρίπλευρος	τριπλευρος	three-sided.
263	τρίπλευρου	τριπλευρου	263	a-s---mgp	τρίπλευρος	τριπλευρος	three-sided.
264	τρίπλευρης	τριπλευρης	264	a-s---fgp	τρίπλευρος	τριπλευρος	three-sided.
265	τρίπλευρου	τριπλευρου	265	a-s---ngp	τρίπλευρος	τριπλευρος	three-sided.
266	τρίπλευρων	τριπλευρων	266	a-p---mgp	τρίπλευρος	τριπλευρος	three-sided.
267	τρίπλευρων	τριπλευρων	267	a-p---fgp	τρίπλευρος	τριπλευρος	three-sided.
268	τρίπλευρο	τριπλευρο	268	a-s---map	τρίπλευρος	τριπλευρος	three-sided.
269	τρίπλευρη	τριπλευρη	269	a-s---fap	τρίπλευρος	τριπλευρος	three-sided.
270	τρίπλευρο	τριπλευρο	270	a-s---nap	τρίπλευρος	τριπλευρος	three-sided.
271	τρίπλευρες	τριπλευρες	271	a-p---map	τρίπλευρος	τριπλευρος	three-sided.
272	τρίπλευρα	τριπλευρα	272	a-p---fap	τρίπλευρος	τριπλευρος	three-sided.
273	τρίπλευρε	τριπλευρε	273	a-s---mvp	τρίπλευρος	τριπλευρος	three-sided.
274	τρίπλευρη	τριπλευρη	274	a-s---fvp	τρίπλευρος	τριπλευρος	three-sided.
275	τρίπλευρο	τριπλευρο	275	a-s---nvp	τρίπλευρος	τριπλευρος	three-sided.
276	τρίπλευρες	τριπλευρες	276	a-p---mvp	τρίπλευρος	τριπλευρος	three-sided.
277	τρίπλευρα	τριπλευρα	277	a-p---fvp	τρίπλευρος	τριπλευρος	three-sided.
278	masculine	masculine	278	n-s------	ὅστις	οστις	any one who, anything which
279	masculine	masculine	279	n-d------	ὅστις	οστις	any one who, anything which
280	masculine	masculine	280	n-p------	ὅστις	οστις	any one who, anything which
281	ὅστῐς	οστις	281	n-s----n-	ὅστις	οστις	any one who, anything which
282	ὥτῐνε	ωτινε	282	n-d----n-	ὅστις	οστις	any one who, anything which
283	οἵτῐνες	οιτινες	283	n-p----n-	ὅστις	οστις	any one who, anything which
284	οὗτῐνος	ουτινος	284	n-s----g-	ὅστις	οστις	any one who, anything which
285	οἷντῐνοιν	οιντινοιν	285	n-d----g-	ὅστις	οστις	any one who, anything which
286	ὧντῐνων	ωντινων	286	n-p----g-	ὅστις	οστις	any one who, anything which
287	ᾧτῐνῐ	ωτινι	287	n-s----d-	ὅστις	οστις	any one who, anything which
288	οἷντῐνοιν	οιντινοιν	288	n-d----d-	ὅστις	οστις	any one who, anything which
289	οἷστῐσῐ	οιστισι	289	n-p----d-	ὅστις	οστις	any one who, anything which
290	ὅντῐνᾰ	οντινα	290	n-s----a-	ὅστις	οστις	any one who, anything which
291	ὥτῐνε	ωτινε	291	n-d----a-	ὅστις	οστις	any one who, anything which
292	οὕστῐνᾰς	ουστινας	292	n-p----a-	ὅστις	οστις	any one who, anything which
293	masculine	masculine	293	n-s------	ὅστις	οστις	any one who, anything which
294	masculine	masculine	294	n-d------	ὅστις	οστις	any one who, anything which
295	masculine	masculine	295	n-p------	ὅστις	οστις	any one who, anything which
296	ὅστῐς	οστις	296	n-s----n-	ὅστις	οστις	any one who, anything which
297	ὥτῐνε	ωτινε	297	n-d----n-	ὅστις	οστις	any one who, anything which
298	οἵτῐνες	οιτινες	298	n-p----n-	ὅστις	οστις	any one who, anything which
299	ὅττεο	οττεο	299	n-s----g-	ὅστις	οστις	any one who, anything which
300	οἷντῐνοιν	οιντινοιν	300	n-d----g-	ὅστις	οστις	any one who, anything which
301	ὅτων	οτων	301	n-p----g-	ὅστις	οστις	any one who, anything which
302	ὅτεῳ	οτεω	302	n-s----d-	ὅστις	οστις	any one who, anything which
303	οἷντῐνοιν	οιντινοιν	303	n-d----d-	ὅστις	οστις	any one who, anything which
304	ὁτέοισῐ	οτεοισι	304	n-p----d-	ὅστις	οστις	any one who, anything which
305	ὅντῐνᾰ	οντινα	305	n-s----a-	ὅστις	οστις	any one who, anything which
306	ὥτῐνε	ωτινε	306	n-d----a-	ὅστις	οστις	any one who, anything which
307	ὅτῐνᾰς	οτινας	307	n-p----a-	ὅστις	οστις	any one who, anything which
308	ᾰ̓μβλέος	αμβλεος	308	a-s---mgp	ἀμβλύς	αμβλυς	blunt, dulled, with the edge taken off
309	ᾰ̓μβλείᾱς	αμβλειας	309	a-s---fgp	ἀμβλύς	αμβλυς	blunt, dulled, with the edge taken off
310	ᾰ̓μβλέος	αμβλεος	310	a-s---ngp	ἀμβλύς	αμβλυς	blunt, dulled, with the edge taken off
311	ᾰ̓μβλέοιν	αμβλεοιν	311	a-d---mgp	ἀμβλύς	αμβλυς	blunt, dulled, with the edge taken off
312	ᾰ̓μβλείαιν	αμβλειαιν	312	a-d---fgp	ἀμβλύς	αμβλυς	blunt, dulled, with the edge taken off
313	ᾰ̓μβλέοιν	αμβλεοιν	313	a-d---ngp	ἀμβλύς	αμβλυς	blunt, dulled, with the edge taken off
314	ᾰ̓μβλέων	αμβλεων	314	a-p---mgp	ἀμβλύς	αμβλυς	blunt, dulled, with the edge taken off
315	ᾰ̓μβλειῶν	αμβλειων	315	a-p---fgp	ἀμβλύς	αμβλυς	blunt, dulled, with the edge taken off
316	ᾰ̓μβλέων	αμβλεων	316	a-p---ngp	ἀμβλύς	αμβλυς	blunt, dulled, with the edge taken off
317	ᾰ̓μβλεῖ	αμβλει	317	a-s---mdp	ἀμβλύς	αμβλυς	blunt, dulled, with the edge taken off
318	ᾰ̓μβλείᾳ	αμβλεια	318	a-s---fdp	ἀμβλύς	αμβλυς	blunt, dulled, with the edge taken off
319	ᾰ̓μβλεῖ	αμβλει	319	a-s---ndp	ἀμβλύς	αμβλυς	blunt, dulled, with the edge taken off
320	ᾰ̓μβλέοιν	αμβλεοιν	320	a-d---mdp	ἀμβλύς	αμβλυς	blunt, dulled, with the edge taken off
321	ᾰ̓μβλείαιν	αμβλειαιν	321	a-d---fdp	ἀμβλύς	αμβλυς	blunt, dulled, with the edge taken off
322	ᾰ̓μβλέοιν	αμβλεοιν	322	a-d---ndp	ἀμβλύς	αμβλυς	blunt, dulled, with the edge taken off
323	ᾰ̓μβλέσῐ	αμβλεσι	323	a-p---mdp	ἀμβλύς	αμβλυς	blunt, dulled, with the edge taken off
324	ᾰ̓μβλείαις	αμβλειαις	324	a-p---fdp	ἀμβλύς	αμβλυς	blunt, dulled, with the edge taken off
325	ᾰ̓μβλέσῐ	αμβλεσι	325	a-p---ndp	ἀμβλύς	αμβλυς	blunt, dulled, with the edge taken off
326	ᾰ̓μβλῠ́ν	αμβλυν	326	a-s---map	ἀμβλύς	αμβλυς	blunt, dulled, with the edge taken off
327	ᾰ̓μβλεῖᾰν	αμβλειαν	327	a-s---fap	ἀμβλύς	αμβλυς	blunt, dulled, with the edge taken off
328	ᾰ̓μβλῠ́	αμβλυ	328	a-s---nap	ἀμβλύς	αμβλυς	blunt, dulled, with the edge taken off
329	ᾰ̓μβλέε	αμβλεε	329	a-d---map	ἀμβλύς	αμβλυς	blunt, dulled, with the edge taken off
330	ᾰ̓μβλείᾱ	αμβλεια	330	a-d---fap	ἀμβλύς	αμβλυς	blunt, dulled, with the edge taken off
331	ᾰ̓μβλέε	αμβλεε	331	a-d---nap	ἀμβλύς	αμβλυς	blunt, dulled, with the edge taken off
332	ᾰ̓μβλεῖς	αμβλεις	332	a-p---map	ἀμβλύς	αμβλυς	blunt, dulled, with the edge taken off
333	ᾰ̓μβλείᾱς	αμβλειας	333	a-p---fap	ἀμβλύς	αμβλυς	blunt, dulled, with the edge taken off
334	ᾰ̓μβλέᾰ	αμβλεα	334	a-p---nap	ἀμβλύς	αμβλυς	blunt, dulled, with the edge taken off
335	ᾰ̓μβλῠ́	αμβλυ	335	a-s---mvp	ἀμβλύς	αμβλυς	blunt, dulled, with the edge taken off
336	ᾰ̓μβλεῖᾰ	αμβλεια	336	a-s---fvp	ἀμβλύς	αμβλυς	blunt, dulled, with the edge taken off
337	ᾰ̓μβλῠ́	αμβλυ	337	a-s---nvp	ἀμβλύς	αμβλυς	blunt, dulled, with the edge taken off
338	ᾰ̓μβλέε	αμβλεε	338	a-d---mvp	ἀμβλύς	αμβλυς	blunt, dulled, with the edge taken off
339	ᾰ̓μβλείᾱ	αμβλεια	339	a-d---fvp	ἀμβλύς	αμβλυς	blunt, dulled, with the edge taken off
340	ᾰ̓μβλέε	αμβλεε	340	a-d---nvp	ἀμβλύς	αμβλυς	blunt, dulled, with the edge taken off
341	ᾰ̓μβλεῖς	αμβλεις	341	a-p---mvp	ἀμβλύς	αμβλυς	blunt, dulled, with the edge taken off
342	ᾰ̓μβλεῖαι	αμβλειαι	342	a-p---fvp	ἀμβλύς	αμβλυς	blunt, dulled, with the edge taken off
343	ᾰ̓μβλέᾰ	αμβλεα	343	a-p---nvp	ἀμβλύς	αμβλυς	blunt, dulled, with the edge taken off
344	ὁ δαιτρός	ο δαιτρος	344	n-s----n-	δαιτρός	δαιτρος	one that carves
345	τὼ δαιτρώ	τω δαιτρω	345	n-d----n-	δαιτρός	δαιτρος	one that carves
346	οἱ δαιτροί	οι δαιτροι	346	n-p----n-	δαιτρός	δαιτρος	one that carves
347	τοῦ δαιτροῦ	του δαιτρου	347	n-s----g-	δαιτρός	δαιτρος	one that carves
348	τοῖν δαιτροῖν	τοιν δαιτροιν	348	n-d----g-	δαιτρός	δαιτρος	one that carves
349	τῶν δαιτρῶν	των δαιτρων	349	n-p----g-	δαιτρός	δαιτρος	one that carves
350	τῷ δαιτρῷ	τω δαιτρω	350	n-s----d-	δαιτρός	δαιτρος	one that carves
351	τοῖν δαιτροῖν	τοιν δαιτροιν	351	n-d----d-	δαιτρός	δαιτρος	one that carves
352	τοῖς δαιτροῖς	τοις δαιτροις	352	n-p----d-	δαιτρός	δαιτρος	one that carves
353	τὸν δαιτρόν	τον δαιτρον	353	n-s----a-	δαιτρός	δαιτρος	one that carves
354	τὼ δαιτρώ	τω δαιτρω	354	n-d----a-	δαιτρός	δαιτρος	one that carves
355	τοὺς δαιτρούς	τους δαιτρους	355	n-p----a-	δαιτρός	δαιτρος	one that carves
356	δαιτρέ	δαιτρε	356	n-s----v-	δαιτρός	δαιτρος	one that carves
357	δαιτρώ	δαιτρω	357	n-d----v-	δαιτρός	δαιτρος	one that carves
358	δαιτροί	δαιτροι	358	n-p----v-	δαιτρός	δαιτρος	one that carves
359	ᾰ̓μφῐβῐ́ου	αμφιβιου	359	a-s---mfgp	ἀμφίβιος	αμφιβιος	living a double life
360	ᾰ̓μφῐβῐ́ου	αμφιβιου	360	a-s---ngp	ἀμφίβιος	αμφιβιος	living a double life
361	ᾰ̓μφῐβῐ́οιν	αμφιβιοιν	361	a-d---mfgp	ἀμφίβιος	αμφιβιος	living a double life
362	ᾰ̓μφῐβῐ́οιν	αμφιβιοιν	362	a-d---ngp	ἀμφίβιος	αμφιβιος	living a double life
363	ᾰ̓μφῐβῐ́ων	αμφιβιων	363	a-p---mfgp	ἀμφίβιος	αμφιβιος	living a double life
364	ᾰ̓μφῐβῐ́ων	αμφιβιων	364	a-p---ngp	ἀμφίβιος	αμφιβιος	living a double life
365	ᾰ̓μφῐβῐ́ῳ	αμφιβιω	365	a-s---mfdp	ἀμφίβιος	αμφιβιος	living a double life
366	ᾰ̓μφῐβῐ́ῳ	αμφιβιω	366	a-s---ndp	ἀμφίβιος	αμφιβιος	living a double life
367	ᾰ̓μφῐβῐ́οιν	αμφιβιοιν	367	a-d---mfdp	ἀμφίβιος	αμφιβιος	living a double life
368	ᾰ̓μφῐβῐ́οιν	αμφιβιοιν	368	a-d---ndp	ἀμφίβιος	αμφιβιος	living a double life
369	ᾰ̓μφῐβῐ́οις	αμφιβιοις	369	a-p---mfdp	ἀμφίβιος	αμφιβιος	living a double life
370	ᾰ̓μφῐβῐ́οις	αμφιβιοις	370	a-p---ndp	ἀμφίβιος	αμφιβιος	living a double life
371	ᾰ̓μφῐ́βῐον	αμφιβιον	371	a-s---mfap	ἀμφίβιος	αμφιβιος	living a double life
372	ᾰ̓μφῐ́βῐον	αμφιβιον	372	a-s---nap	ἀμφίβιος	αμφιβιος	living a double life
373	ᾰ̓μφῐβῐ́ω	αμφιβιω	373	a-d---mfap	ἀμφίβιος	αμφιβιος	living a double life
374	ᾰ̓μφῐβῐ́ω	αμφιβιω	374	a-d---nap	ἀμφίβιος	αμφιβιος	living a double life
375	ᾰ̓μφῐβῐ́ους	αμφιβιους	375	a-p---mfap	ἀμφίβιος	αμφιβιος	living a double life
376	ᾰ̓μφῐ́βῐᾰ	αμφιβια	376	a-p---nap	ἀμφίβιος	αμφιβιος	living a double life
377	ᾰ̓μφῐ́βῐε	αμφιβιε	377	a-s---mfvp	ἀμφίβιος	αμφιβιος	living a double life
378	ᾰ̓μφῐ́βῐον	αμφιβιον	378	a-s---nvp	ἀμφίβιος	αμφιβιος	living a double life
379	ᾰ̓μφῐβῐ́ω	αμφιβιω	379	a-d---mfvp	ἀμφίβιος	αμφιβιος	living a double life
380	ᾰ̓μφῐβῐ́ω	αμφιβιω	380	a-d---nvp	ἀμφίβιος	αμφιβιος	living a double life
381	ᾰ̓μφῐ́βῐοι	αμφιβιοι	381	a-p---mfvp	ἀμφίβιος	αμφιβιος	living a double life
382	ᾰ̓μφῐ́βῐᾰ	αμφιβια	382	a-p---nvp	ἀμφίβιος	αμφιβιος	living a double life
383	ὀξῠόεντος	οξυοεντος	383	a-s---mgp	ὀξυόεις	οξυοεις	sharp-pointed
384	ὀξῠοέσσης	οξυοεσσης	384	a-s---fgp	ὀξυόεις	οξυοεις	sharp-pointed
385	ὀξῠόεντος	οξυοεντος	385	a-s---ngp	ὀξυόεις	οξυοεις	sharp-pointed
386	ὀξῠοέντοιῐν	οξυοεντοιιν	386	a-d---mgp	ὀξυόεις	οξυοεις	sharp-pointed
387	ὀξῠοέσσαιν	οξυοεσσαιν	387	a-d---fgp	ὀξυόεις	οξυοεις	sharp-pointed
388	ὀξῠοέντοιῐν	οξυοεντοιιν	388	a-d---ngp	ὀξυόεις	οξυοεις	sharp-pointed
389	ὀξῠοέντων	οξυοεντων	389	a-p---mgp	ὀξυόεις	οξυοεις	sharp-pointed
390	ὀξῠοεσσᾱ́ων	οξυοεσσαων	390	a-p---fgp	ὀξυόεις	οξυοεις	sharp-pointed
391	ὀξῠοέντων	οξυοεντων	391	a-p---ngp	ὀξυόεις	οξυοεις	sharp-pointed
392	ὀξῠόεντῐ	οξυοεντι	392	a-s---mdp	ὀξυόεις	οξυοεις	sharp-pointed
393	ὀξῠοέσσῃ	οξυοεσση	393	a-s---fdp	ὀξυόεις	οξυοεις	sharp-pointed
394	ὀξῠόεντῐ	οξυοεντι	394	a-s---ndp	ὀξυόεις	οξυοεις	sharp-pointed
395	ὀξῠοέντοιῐν	οξυοεντοιιν	395	a-d---mdp	ὀξυόεις	οξυοεις	sharp-pointed
396	ὀξῠοέσσαιν	οξυοεσσαιν	396	a-d---fdp	ὀξυόεις	οξυοεις	sharp-pointed
397	ὀξῠοέντοιῐν	οξυοεντοιιν	397	a-d---ndp	ὀξυόεις	οξυοεις	sharp-pointed
398	ὀξῠόεισῐ	οξυοεισι	398	a-p---mdp	ὀξυόεις	οξυοεις	sharp-pointed
399	ὀξῠοέσσῃσῐ	οξυοεσσησι	399	a-p---fdp	ὀξυόεις	οξυοεις	sharp-pointed
400	ὀξῠόεισῐ	οξυοεισι	400	a-p---ndp	ὀξυόεις	οξυοεις	sharp-pointed
401	ὀξῠόεντᾰ	οξυοεντα	401	a-s---map	ὀξυόεις	οξυοεις	sharp-pointed
402	ὀξῠόεσσᾰν	οξυοεσσαν	402	a-s---fap	ὀξυόεις	οξυοεις	sharp-pointed
403	ὀξῠόεν	οξυοεν	403	a-s---nap	ὀξυόεις	οξυοεις	sharp-pointed
404	ὀξῠόεντε	οξυοεντε	404	a-d---map	ὀξυόεις	οξυοεις	sharp-pointed
405	ὀξῠοέσσᾱ	οξυοεσσα	405	a-d---fap	ὀξυόεις	οξυοεις	sharp-pointed
406	ὀξῠόεντε	οξυοεντε	406	a-d---nap	ὀξυόεις	οξυοεις	sharp-pointed
407	ὀξῠόεντᾰς	οξυοεντας	407	a-p---map	ὀξυόεις	οξυοεις	sharp-pointed
408	ὀξῠοέσσᾱς	οξυοεσσας	408	a-p---fap	ὀξυόεις	οξυοεις	sharp-pointed
409	ὀξῠόεντᾰ	οξυοεντα	409	a-p---nap	ὀξυόεις	οξυοεις	sharp-pointed
410	ὀξῠόεν	οξυοεν	410	a-s---mvp	ὀξυόεις	οξυοεις	sharp-pointed
411	ὀξῠόεσσᾰ	οξυοεσσα	411	a-s---fvp	ὀξυόεις	οξυοεις	sharp-pointed
412	ὀξῠόεν	οξυοεν	412	a-s---nvp	ὀξυόεις	οξυοεις	sharp-pointed
413	ὀξῠόεντε	οξυοεντε	413	a-d---mvp	ὀξυόεις	οξυοεις	sharp-pointed
414	ὀξῠοέσσᾱ	οξυοεσσα	414	a-d---fvp	ὀξυόεις	οξυοεις	sharp-pointed
415	ὀξῠόεντε	οξυοεντε	415	a-d---nvp	ὀξυόεις	οξυοεις	sharp-pointed
416	ὀξῠόεντες	οξυοεντες	416	a-p---mvp	ὀξυόεις	οξυοεις	sharp-pointed
417	ὀξῠόεσσαι	οξυοεσσαι	417	a-p---fvp	ὀξυόεις	οξυοεις	sharp-pointed
418	ὀξῠόεντᾰ	οξυοεντα	418	a-p---nvp	ὀξυόεις	οξυοεις	sharp-pointed
419	ὁ κλῠστήρ	ο κλυστηρ	419	n-s----n-	κλυστήρ	κλυστηρ	a clyster-pipe, syringe
420	τὼ κλῠστῆρε	τω κλυστηρε	420	n-d----n-	κλυστήρ	κλυστηρ	a clyster-pipe, syringe
421	οἱ κλῠστῆρες	οι κλυστηρες	421	n-p----n-	κλυστήρ	κλυστηρ	a clyster-pipe, syringe
422	τοῦ κλῠστῆρος	του κλυστηρος	422	n-s----g-	κλυστήρ	κλυστηρ	a clyster-pipe, syringe
423	τοῖν κλῠστήροιν	τοιν κλυστηροιν	423	n-d----g-	κλυστήρ	κλυστηρ	a clyster-pipe, syringe
424	τῶν κλῠστήρων	των κλυστηρων	424	n-p----g-	κλυστήρ	κλυστηρ	a clyster-pipe, syringe
425	τῷ κλῠστῆρῐ	τω κλυστηρι	425	n-s----d-	κλυστήρ	κλυστηρ	a clyster-pipe, syringe
426	τοῖν κλῠστήροιν	τοιν κλυστηροιν	426	n-d----d-	κλυστήρ	κλυστηρ	a clyster-pipe, syringe
427	τοῖς κλῠστῆρσῐ	τοις κλυστηρσι	427	n-p----d-	κλυστήρ	κλυστηρ	a clyster-pipe, syringe
428	τὸν κλῠστῆρᾰ	τον κλυστηρα	428	n-s----a-	κλυστήρ	κλυστηρ	a clyster-pipe, syringe
429	τὼ κλῠστῆρε	τω κλυστηρε	429	n-d----a-	κλυστήρ	κλυστηρ	a clyster-pipe, syringe
430	τοὺς κλῠστῆρᾰς	τους κλυστηρας	430	n-p----a-	κλυστήρ	κλυστηρ	a clyster-pipe, syringe
431	κλῠστήρ	κλυστηρ	431	n-s----v-	κλυστήρ	κλυστηρ	a clyster-pipe, syringe
432	κλῠστῆρε	κλυστηρε	432	n-d----v-	κλυστήρ	κλυστηρ	a clyster-pipe, syringe
433	κλῠστῆρες	κλυστηρες	433	n-p----v-	κλυστήρ	κλυστηρ	a clyster-pipe, syringe
434	ἡ κᾰ́ννᾱ	η καννα	434	n-s----n-	κάννα	καννα	a reed
435	τὼ κᾰ́ννᾱ	τω καννα	435	n-d----n-	κάννα	καννα	a reed
436	αἱ κᾰ́νναι	αι κανναι	436	n-p----n-	κάννα	καννα	a reed
437	τῆς κᾰ́ννης	της καννης	437	n-s----g-	κάννα	καννα	a reed
438	τοῖν κᾰ́νναιν	τοιν κανναιν	438	n-d----g-	κάννα	καννα	a reed
439	τῶν κᾰννῶν	των καννων	439	n-p----g-	κάννα	καννα	a reed
440	τῇ κᾰ́ννῃ	τη καννη	440	n-s----d-	κάννα	καννα	a reed
441	τοῖν κᾰ́νναιν	τοιν κανναιν	441	n-d----d-	κάννα	καννα	a reed
442	ταῖς κᾰ́νναις	ταις κανναις	442	n-p----d-	κάννα	καννα	a reed
443	τὴν κᾰ́ννᾱν	την κανναν	443	n-s----a-	κάννα	καννα	a reed
444	τὼ κᾰ́ννᾱ	τω καννα	444	n-d----a-	κάννα	καννα	a reed
445	τᾱ̀ς κᾰ́ννᾱς	τας καννας	445	n-p----a-	κάννα	καννα	a reed
446	κᾰ́ννᾱ	καννα	446	n-s----v-	κάννα	καννα	a reed
447	κᾰ́ννᾱ	καννα	447	n-d----v-	κάννα	καννα	a reed
448	κᾰ́νναι	κανναι	448	n-p----v-	κάννα	καννα	a reed
449	ὁ κῐ́ναιδος	ο κιναιδος	449	n-s----n-	κίναιδος	κιναιδος	
450	τὼ κῐναίδω	τω κιναιδω	450	n-d----n-	κίναιδος	κιναιδος	
451	οἱ κῐ́ναιδοι	οι κιναιδοι	451	n-p----n-	κίναιδος	κιναιδος	
452	τοῦ κῐναίδου	του κιναιδου	452	n-s----g-	κίναιδος	κιναιδος	
453	τοῖν κῐναίδοιν	τοιν κιναιδοιν	453	n-d----g-	κίναιδος	κιναιδος	
454	τῶν κῐναίδων	των κιναιδων	454	n-p----g-	κίναιδος	κιναιδος	
455	τῷ κῐναίδῳ	τω κιναιδω	455	n-s----d-	κίναιδος	κιναιδος	
456	τοῖν κῐναίδοιν	τοιν κιναιδοιν	456	n-d----d-	κίναιδος	κιναιδος	
457	τοῖς κῐναίδοις	τοις κιναιδοις	457	n-p----d-	κίναιδος	κιναιδος	
458	τὸν κῐ́ναιδον	τον κιναιδον	458	n-s----a-	κίναιδος	κιναιδος	
459	τὼ κῐναίδω	τω κιναιδω	459	n-d----a-	κίναιδος	κιναιδος	
460	τοὺς κῐναίδους	τους κιναιδους	460	n-p----a-	κίναιδος	κιναιδος	
461	κῐ́ναιδε	κιναιδε	461	n-s----v-	κίναιδος	κιναιδος	
462	κῐναίδω	κιναιδω	462	n-d----v-	κίναιδος	κιναιδος	
463	κῐ́ναιδοι	κιναιδοι	463	n-p----v-	κίναιδος	κιναιδος	
464	κίναιδος	κιναιδος	464	n-s----n-	κίναιδος	κιναιδος	
465	κίναιδοι	κιναιδοι	465	n-p----n-	κίναιδος	κιναιδος	
466	κίναιδου	κιναιδου	466	n-s----g-	κίναιδος	κιναιδος	
467	κίναιδων	κιναιδων	467	n-p----g-	κίναιδος	κιναιδος	
468	κίναιδο	κιναιδο	468	n-s----a-	κίναιδος	κιναιδος	
469	κίναιδους	κιναιδους	469	n-p----a-	κίναιδος	κιναιδος	
470	κίναιδε	κιναιδε	470	n-s----v-	κίναιδος	κιναιδος	
471	κίναιδοι	κιναιδοι	471	n-p----v-	κίναιδος	κιναιδος	
472	γλῠκέος	γλυκεος	472	a-s---mgp	γλυκύς	γλυκυς	sweet
473	γλῠκείᾱς	γλυκειας	473	a-s---fgp	γλυκύς	γλυκυς	sweet
474	γλῠκέος	γλυκεος	474	a-s---ngp	γλυκύς	γλυκυς	sweet
475	γλῠκέοιν	γλυκεοιν	475	a-d---mgp	γλυκύς	γλυκυς	sweet
476	γλῠκείαιν	γλυκειαιν	476	a-d---fgp	γλυκύς	γλυκυς	sweet
477	γλῠκέοιν	γλυκεοιν	477	a-d---ngp	γλυκύς	γλυκυς	sweet
478	γλῠκέων	γλυκεων	478	a-p---mgp	γλυκύς	γλυκυς	sweet
479	γλῠκειῶν	γλυκειων	479	a-p---fgp	γλυκύς	γλυκυς	sweet
480	γλῠκέων	γλυκεων	480	a-p---ngp	γλυκύς	γλυκυς	sweet
481	γλῠκεῖ	γλυκει	481	a-s---mdp	γλυκύς	γλυκυς	sweet
482	γλῠκείᾳ	γλυκεια	482	a-s---fdp	γλυκύς	γλυκυς	sweet
483	γλῠκεῖ	γλυκει	483	a-s---ndp	γλυκύς	γλυκυς	sweet
484	γλῠκέοιν	γλυκεοιν	484	a-d---mdp	γλυκύς	γλυκυς	sweet
485	γλῠκείαιν	γλυκειαιν	485	a-d---fdp	γλυκύς	γλυκυς	sweet
486	γλῠκέοιν	γλυκεοιν	486	a-d---ndp	γλυκύς	γλυκυς	sweet
487	γλῠκέσῐ	γλυκεσι	487	a-p---mdp	γλυκύς	γλυκυς	sweet
488	γλῠκείαις	γλυκειαις	488	a-p---fdp	γλυκύς	γλυκυς	sweet
489	γλῠκέσῐ	γλυκεσι	489	a-p---ndp	γλυκύς	γλυκυς	sweet
490	γλῠκῠ́ν	γλυκυν	490	a-s---map	γλυκύς	γλυκυς	sweet
491	γλῠκεῖᾰν	γλυκειαν	491	a-s---fap	γλυκύς	γλυκυς	sweet
492	γλῠκῠ́	γλυκυ	492	a-s---nap	γλυκύς	γλυκυς	sweet
493	γλῠκέε	γλυκεε	493	a-d---map	γλυκύς	γλυκυς	sweet
494	γλῠκείᾱ	γλυκεια	494	a-d---fap	γλυκύς	γλυκυς	sweet
495	γλῠκέε	γλυκεε	495	a-d---nap	γλυκύς	γλυκυς	sweet
496	γλῠκεῖς	γλυκεις	496	a-p---map	γλυκύς	γλυκυς	sweet
497	γλῠκείᾱς	γλυκειας	497	a-p---fap	γλυκύς	γλυκυς	sweet
498	γλῠκέᾰ	γλυκεα	498	a-p---nap	γλυκύς	γλυκυς	sweet
499	γλῠκῠ́	γλυκυ	499	a-s---mvp	γλυκύς	γλυκυς	sweet
500	γλῠκεῖᾰ	γλυκεια	500	a-s---fvp	γλυκύς	γλυκυς	sweet
501	γλῠκῠ́	γλυκυ	501	a-s---nvp	γλυκύς	γλυκυς	sweet
502	γλῠκέε	γλυκεε	502	a-d---mvp	γλυκύς	γλυκυς	sweet
503	γλῠκείᾱ	γλυκεια	503	a-d---fvp	γλυκύς	γλυκυς	sweet
504	γλῠκέε	γλυκεε	504	a-d---nvp	γλυκύς	γλυκυς	sweet
505	γλῠκεῖς	γλυκεις	505	a-p---mvp	γλυκύς	γλυκυς	sweet
506	γλῠκεῖαι	γλυκειαι	506	a-p---fvp	γλυκύς	γλυκυς	sweet
507	γλῠκέᾰ	γλυκεα	507	a-p---nvp	γλυκύς	γλυκυς	sweet
508	γλῠκέος	γλυκεος	508	a-s---mgp	γλυκύς	γλυκυς	sweet
509	γλῠκείης	γλυκειης	509	a-s---fgp	γλυκύς	γλυκυς	sweet
510	γλῠκέος	γλυκεος	510	a-s---ngp	γλυκύς	γλυκυς	sweet
511	γλῠκέοιῐν	γλυκεοιιν	511	a-d---mgp	γλυκύς	γλυκυς	sweet
512	γλῠκείαιν	γλυκειαιν	512	a-d---fgp	γλυκύς	γλυκυς	sweet
513	γλῠκέοιῐν	γλυκεοιιν	513	a-d---ngp	γλυκύς	γλυκυς	sweet
514	γλῠκέων	γλυκεων	514	a-p---mgp	γλυκύς	γλυκυς	sweet
515	γλῠκειᾱ́ων	γλυκειαων	515	a-p---fgp	γλυκύς	γλυκυς	sweet
516	γλῠκέων	γλυκεων	516	a-p---ngp	γλυκύς	γλυκυς	sweet
517	γλῠκεῖ	γλυκει	517	a-s---mdp	γλυκύς	γλυκυς	sweet
518	γλῠκείῃ	γλυκειη	518	a-s---fdp	γλυκύς	γλυκυς	sweet
519	γλῠκεῖ	γλυκει	519	a-s---ndp	γλυκύς	γλυκυς	sweet
520	γλῠκέοιῐν	γλυκεοιιν	520	a-d---mdp	γλυκύς	γλυκυς	sweet
521	γλῠκείαιν	γλυκειαιν	521	a-d---fdp	γλυκύς	γλυκυς	sweet
522	γλῠκέοιῐν	γλυκεοιιν	522	a-d---ndp	γλυκύς	γλυκυς	sweet
523	γλῠκέεσσῐ	γλυκεεσσι	523	a-p---mdp	γλυκύς	γλυκυς	sweet
524	γλῠκείῃσῐ	γλυκειησι	524	a-p---fdp	γλυκύς	γλυκυς	sweet
525	γλῠκέεσσῐ	γλυκεεσσι	525	a-p---ndp	γλυκύς	γλυκυς	sweet
526	γλῠκῠ́ν	γλυκυν	526	a-s---map	γλυκύς	γλυκυς	sweet
527	γλῠκεῖᾰν	γλυκειαν	527	a-s---fap	γλυκύς	γλυκυς	sweet
528	γλῠκῠ́	γλυκυ	528	a-s---nap	γλυκύς	γλυκυς	sweet
529	γλῠκέε	γλυκεε	529	a-d---map	γλυκύς	γλυκυς	sweet
530	γλῠκείᾱ	γλυκεια	530	a-d---fap	γλυκύς	γλυκυς	sweet
531	γλῠκέε	γλυκεε	531	a-d---nap	γλυκύς	γλυκυς	sweet
532	γλῠκέᾰς	γλυκεας	532	a-p---map	γλυκύς	γλυκυς	sweet
533	γλῠκείᾱς	γλυκειας	533	a-p---fap	γλυκύς	γλυκυς	sweet
534	γλῠκέᾰ	γλυκεα	534	a-p---nap	γλυκύς	γλυκυς	sweet
535	γλῠκῠ́	γλυκυ	535	a-s---mvp	γλυκύς	γλυκυς	sweet
536	γλῠκεῖᾰ	γλυκεια	536	a-s---fvp	γλυκύς	γλυκυς	sweet
537	γλῠκῠ́	γλυκυ	537	a-s---nvp	γλυκύς	γλυκυς	sweet
538	γλῠκέε	γλυκεε	538	a-d---mvp	γλυκύς	γλυκυς	sweet
539	γλῠκείᾱ	γλυκεια	539	a-d---fvp	γλυκύς	γλυκυς	sweet
540	γλῠκέε	γλυκεε	540	a-d---nvp	γλυκύς	γλυκυς	sweet
541	γλῠκέες	γλυκεες	541	a-p---mvp	γλυκύς	γλυκυς	sweet
542	γλῠκεῖαι	γλυκειαι	542	a-p---fvp	γλυκύς	γλυκυς	sweet
543	γλῠκέᾰ	γλυκεα	543	a-p---nvp	γλυκύς	γλυκυς	sweet
544	γλυκύς	γλυκυς	544	a-s---mnp	γλυκύς	γλυκυς	sweet
545	γλυκεία	γλυκεια	545	a-s---fnp	γλυκύς	γλυκυς	sweet
546	γλυκύ	γλυκυ	546	a-s---nnp	γλυκύς	γλυκυς	sweet
547	γλυκείες	γλυκειες	547	a-p---mnp	γλυκύς	γλυκυς	sweet
548	γλυκέα	γλυκεα	548	a-p---fnp	γλυκύς	γλυκυς	sweet
549	γλυκέος γλυκύ	γλυκεος γλυκυ	549	a-s---mgp	γλυκύς	γλυκυς	sweet
550	γλυκείας	γλυκειας	550	a-s---fgp	γλυκύς	γλυκυς	sweet
551	γλυκύ γλυκέος	γλυκυ γλυκεος	551	a-s---ngp	γλυκύς	γλυκυς	sweet
552	γλυκειών	γλυκειων	552	a-p---mgp	γλυκύς	γλυκυς	sweet
553	γλυκέων	γλυκεων	553	a-p---fgp	γλυκύς	γλυκυς	sweet
554	γλυκύ	γλυκυ	554	a-s---map	γλυκύς	γλυκυς	sweet
555	γλυκεία	γλυκεια	555	a-s---fap	γλυκύς	γλυκυς	sweet
556	γλυκύ	γλυκυ	556	a-s---nap	γλυκύς	γλυκυς	sweet
557	γλυκείες	γλυκειες	557	a-p---map	γλυκύς	γλυκυς	sweet
558	γλυκέα	γλυκεα	558	a-p---fap	γλυκύς	γλυκυς	sweet
559	γλυκύ	γλυκυ	559	a-s---mvp	γλυκύς	γλυκυς	sweet
560	γλυκεία	γλυκεια	560	a-s---fvp	γλυκύς	γλυκυς	sweet
561	γλυκύ	γλυκυ	561	a-s---nvp	γλυκύς	γλυκυς	sweet
562	γλυκείες	γλυκειες	562	a-p---mvp	γλυκύς	γλυκυς	sweet
563	γλυκέα	γλυκεα	563	a-p---fvp	γλυκύς	γλυκυς	sweet
564	γλυκύτερος	γλυκυτερος	564	a-s---mnp	γλυκύς	γλυκυς	sweet
565	γλυκύτερη	γλυκυτερη	565	a-s---fnp	γλυκύς	γλυκυς	sweet
566	γλυκύτερο	γλυκυτερο	566	a-s---nnp	γλυκύς	γλυκυς	sweet
567	γλυκύτεροι	γλυκυτεροι	567	a-p---mnp	γλυκύς	γλυκυς	sweet
568	γλυκύτερες	γλυκυτερες	568	a-p---fnp	γλυκύς	γλυκυς	sweet
569	γλυκύτερα	γλυκυτερα	569	a-p---nnp	γλυκύς	γλυκυς	sweet
570	γλυκύτερου	γλυκυτερου	570	a-s---mgp	γλυκύς	γλυκυς	sweet
571	γλυκύτερης	γλυκυτερης	571	a-s---fgp	γλυκύς	γλυκυς	sweet
572	γλυκύτερου	γλυκυτερου	572	a-s---ngp	γλυκύς	γλυκυς	sweet
573	γλυκύτερων	γλυκυτερων	573	a-p---mgp	γλυκύς	γλυκυς	sweet
574	γλυκύτερων	γλυκυτερων	574	a-p---fgp	γλυκύς	γλυκυς	sweet
575	γλυκύτερων	γλυκυτερων	575	a-p---ngp	γλυκύς	γλυκυς	sweet
576	γλυκύτερο	γλυκυτερο	576	a-s---map	γλυκύς	γλυκυς	sweet
577	γλυκύτερη	γλυκυτερη	577	a-s---fap	γλυκύς	γλυκυς	sweet
578	γλυκύτερο	γλυκυτερο	578	a-s---nap	γλυκύς	γλυκυς	sweet
579	γλυκύτερους	γλυκυτερους	579	a-p---map	γλυκύς	γλυκυς	sweet
580	γλυκύτερες	γλυκυτερες	580	a-p---fap	γλυκύς	γλυκυς	sweet
581	γλυκύτερα	γλυκυτερα	581	a-p---nap	γλυκύς	γλυκυς	sweet
582	γλυκύτερε	γλυκυτερε	582	a-s---mvp	γλυκύς	γλυκυς	sweet
583	γλυκύτερη	γλυκυτερη	583	a-s---fvp	γλυκύς	γλυκυς	sweet
584	γλυκύτερο	γλυκυτερο	584	a-s---nvp	γλυκύς	γλυκυς	sweet
585	γλυκύτεροι	γλυκυτεροι	585	a-p---mvp	γλυκύς	γλυκυς	sweet
586	γλυκύτερες	γλυκυτερες	586	a-p---fvp	γλυκύς	γλυκυς	sweet
587	γλυκύτερα	γλυκυτερα	587	a-p---nvp	γλυκύς	γλυκυς	sweet
588	γλυκύτατος	γλυκυτατος	588	a-s---mnp	γλυκύς	γλυκυς	sweet
589	γλυκύτατη	γλυκυτατη	589	a-s---fnp	γλυκύς	γλυκυς	sweet
590	γλυκύτατο	γλυκυτατο	590	a-s---nnp	γλυκύς	γλυκυς	sweet
591	γλυκύτατοι	γλυκυτατοι	591	a-p---fnp	γλυκύς	γλυκυς	sweet
592	γλυκύτατες	γλυκυτατες	592	a-p---nnp	γλυκύς	γλυκυς	sweet
593	γλυκύτατου	γλυκυτατου	593	a-s---mgp	γλυκύς	γλυκυς	sweet
594	γλυκύτατης	γλυκυτατης	594	a-s---fgp	γλυκύς	γλυκυς	sweet
595	γλυκύτατου	γλυκυτατου	595	a-s---ngp	γλυκύς	γλυκυς	sweet
596	γλυκύτατων	γλυκυτατων	596	a-p---fgp	γλυκύς	γλυκυς	sweet
597	γλυκύτατων	γλυκυτατων	597	a-p---ngp	γλυκύς	γλυκυς	sweet
598	γλυκύτατο	γλυκυτατο	598	a-s---map	γλυκύς	γλυκυς	sweet
599	γλυκύτατη	γλυκυτατη	599	a-s---fap	γλυκύς	γλυκυς	sweet
600	γλυκύτατο	γλυκυτατο	600	a-s---nap	γλυκύς	γλυκυς	sweet
601	γλυκύτατους	γλυκυτατους	601	a-p---fap	γλυκύς	γλυκυς	sweet
602	γλυκύτατες	γλυκυτατες	602	a-p---nap	γλυκύς	γλυκυς	sweet
603	γλυκύτατε	γλυκυτατε	603	a-s---mvp	γλυκύς	γλυκυς	sweet
604	γλυκύτατη	γλυκυτατη	604	a-s---fvp	γλυκύς	γλυκυς	sweet
605	γλυκύτατο	γλυκυτατο	605	a-s---nvp	γλυκύς	γλυκυς	sweet
606	γλυκύτατοι	γλυκυτατοι	606	a-p---fvp	γλυκύς	γλυκυς	sweet
607	γλυκύτατες	γλυκυτατες	607	a-p---nvp	γλυκύς	γλυκυς	sweet
608	γλυκύτερος	γλυκυτερος	608	a-s---mnp	γλυκύς	γλυκυς	sweet
609	γλυκύτερη	γλυκυτερη	609	a-s---fnp	γλυκύς	γλυκυς	sweet
610	γλυκύτερο	γλυκυτερο	610	a-s---nnp	γλυκύς	γλυκυς	sweet
611	γλυκύτερες	γλυκυτερες	611	a-p---mnp	γλυκύς	γλυκυς	sweet
612	γλυκύτερα	γλυκυτερα	612	a-p---fnp	γλυκύς	γλυκυς	sweet
613	γλυκύτερου	γλυκυτερου	613	a-s---mgp	γλυκύς	γλυκυς	sweet
614	γλυκύτερης	γλυκυτερης	614	a-s---fgp	γλυκύς	γλυκυς	sweet
615	γλυκύτερου	γλυκυτερου	615	a-s---ngp	γλυκύς	γλυκυς	sweet
616	γλυκύτερων	γλυκυτερων	616	a-p---mgp	γλυκύς	γλυκυς	sweet
617	γλυκύτερων	γλυκυτερων	617	a-p---fgp	γλυκύς	γλυκυς	sweet
618	γλυκύτερο	γλυκυτερο	618	a-s---map	γλυκύς	γλυκυς	sweet
619	γλυκύτερη	γλυκυτερη	619	a-s---fap	γλυκύς	γλυκυς	sweet
620	γλυκύτερο	γλυκυτερο	620	a-s---nap	γλυκύς	γλυκυς	sweet
621	γλυκύτερες	γλυκυτερες	621	a-p---map	γλυκύς	γλυκυς	sweet
622	γλυκύτερα	γλυκυτερα	622	a-p---fap	γλυκύς	γλυκυς	sweet
623	γλυκύτερε	γλυκυτερε	623	a-s---mvp	γλυκύς	γλυκυς	sweet
624	γλυκύτερη	γλυκυτερη	624	a-s---fvp	γλυκύς	γλυκυς	sweet
625	γλυκύτερο	γλυκυτερο	625	a-s---nvp	γλυκύς	γλυκυς	sweet
626	γλυκύτερες	γλυκυτερες	626	a-p---mvp	γλυκύς	γλυκυς	sweet
627	γλυκύτερα	γλυκυτερα	627	a-p---fvp	γλυκύς	γλυκυς	sweet
628	γλυκύτατος	γλυκυτατος	628	a-s---mnp	γλυκύς	γλυκυς	sweet
629	γλυκύτατη	γλυκυτατη	629	a-s---fnp	γλυκύς	γλυκυς	sweet
630	γλυκύτατο	γλυκυτατο	630	a-s---nnp	γλυκύς	γλυκυς	sweet
631	γλυκύτατες	γλυκυτατες	631	a-p---mnp	γλυκύς	γλυκυς	sweet
632	γλυκύτατα	γλυκυτατα	632	a-p---fnp	γλυκύς	γλυκυς	sweet
633	γλυκύτατου	γλυκυτατου	633	a-s---mgp	γλυκύς	γλυκυς	sweet
634	γλυκύτατης	γλυκυτατης	634	a-s---fgp	γλυκύς	γλυκυς	sweet
635	γλυκύτατου	γλυκυτατου	635	a-s---ngp	γλυκύς	γλυκυς	sweet
636	γλυκύτατων	γλυκυτατων	636	a-p---mgp	γλυκύς	γλυκυς	sweet
637	γλυκύτατων	γλυκυτατων	637	a-p---fgp	γλυκύς	γλυκυς	sweet
638	γλυκύτατο	γλυκυτατο	638	a-s---map	γλυκύς	γλυκυς	sweet
639	γλυκύτατη	γλυκυτατη	639	a-s---fap	γλυκύς	γλυκυς	sweet
640	γλυκύτατο	γλυκυτατο	640	a-s---nap	γλυκύς	γλυκυς	sweet
641	γλυκύτατες	γλυκυτατες	641	a-p---map	γλυκύς	γλυκυς	sweet
642	γλυκύτατα	γλυκυτατα	642	a-p---fap	γλυκύς	γλυκυς	sweet
643	γλυκύτατε	γλυκυτατε	643	a-s---mvp	γλυκύς	γλυκυς	sweet
644	γλυκύτατη	γλυκυτατη	644	a-s---fvp	γλυκύς	γλυκυς	sweet
645	γλυκύτατο	γλυκυτατο	645	a-s---nvp	γλυκύς	γλυκυς	sweet
646	γλυκύτατες	γλυκυτατες	646	a-p---mvp	γλυκύς	γλυκυς	sweet
647	γλυκύτατα	γλυκυτατα	647	a-p---fvp	γλυκύς	γλυκυς	sweet
648	ᾰ̓κραιφνοῦς	ακραιφνους	648	a-s---mfgp	ἀκραιφνής	ακραιφνης	unmixed, pure
649	ᾰ̓κραιφνοῦς	ακραιφνους	649	a-s---ngp	ἀκραιφνής	ακραιφνης	unmixed, pure
650	ᾰ̓κραιφνοῖν	ακραιφνοιν	650	a-d---mfgp	ἀκραιφνής	ακραιφνης	unmixed, pure
651	ᾰ̓κραιφνοῖν	ακραιφνοιν	651	a-d---ngp	ἀκραιφνής	ακραιφνης	unmixed, pure
652	ᾰ̓κραιφνῶν	ακραιφνων	652	a-p---mfgp	ἀκραιφνής	ακραιφνης	unmixed, pure
653	ᾰ̓κραιφνῶν	ακραιφνων	653	a-p---ngp	ἀκραιφνής	ακραιφνης	unmixed, pure
654	ᾰ̓κραιφνεῖ	ακραιφνει	654	a-s---mfdp	ἀκραιφνής	ακραιφνης	unmixed, pure
655	ᾰ̓κραιφνεῖ	ακραιφνει	655	a-s---ndp	ἀκραιφνής	ακραιφνης	unmixed, pure
656	ᾰ̓κραιφνοῖν	ακραιφνοιν	656	a-d---mfdp	ἀκραιφνής	ακραιφνης	unmixed, pure
657	ᾰ̓κραιφνοῖν	ακραιφνοιν	657	a-d---ndp	ἀκραιφνής	ακραιφνης	unmixed, pure
658	ᾰ̓κραιφνέσῐ	ακραιφνεσι	658	a-p---mfdp	ἀκραιφνής	ακραιφνης	unmixed, pure
659	ᾰ̓κραιφνέσῐ	ακραιφνεσι	659	a-p---ndp	ἀκραιφνής	ακραιφνης	unmixed, pure
660	ᾰ̓κραιφνῆ	ακραιφνη	660	a-s---mfap	ἀκραιφνής	ακραιφνης	unmixed, pure
661	ᾰ̓κραιφνές	ακραιφνες	661	a-s---nap	ἀκραιφνής	ακραιφνης	unmixed, pure
662	ᾰ̓κραιφνεῖ	ακραιφνει	662	a-d---mfap	ἀκραιφνής	ακραιφνης	unmixed, pure
663	ᾰ̓κραιφνεῖ	ακραιφνει	663	a-d---nap	ἀκραιφνής	ακραιφνης	unmixed, pure
664	ᾰ̓κραιφνεῖς	ακραιφνεις	664	a-p---mfap	ἀκραιφνής	ακραιφνης	unmixed, pure
665	ᾰ̓κραιφνῆ	ακραιφνη	665	a-p---nap	ἀκραιφνής	ακραιφνης	unmixed, pure
666	ᾰ̓κραιφνές	ακραιφνες	666	a-s---mfvp	ἀκραιφνής	ακραιφνης	unmixed, pure
667	ᾰ̓κραιφνές	ακραιφνες	667	a-s---nvp	ἀκραιφνής	ακραιφνης	unmixed, pure
668	ᾰ̓κραιφνεῖ	ακραιφνει	668	a-d---mfvp	ἀκραιφνής	ακραιφνης	unmixed, pure
669	ᾰ̓κραιφνεῖ	ακραιφνει	669	a-d---nvp	ἀκραιφνής	ακραιφνης	unmixed, pure
670	ᾰ̓κραιφνεῖς	ακραιφνεις	670	a-p---mfvp	ἀκραιφνής	ακραιφνης	unmixed, pure
671	ᾰ̓κραιφνῆ	ακραιφνη	671	a-p---nvp	ἀκραιφνής	ακραιφνης	unmixed, pure
672	ἡ ταίνᾰρος	η ταιναρος	672	n-s----n-	Ταίναρος	Ταιναρος	Taenarus
673	τῆς ταινᾰ́ρου	της ταιναρου	673	n-s----g-	Ταίναρος	Ταιναρος	Taenarus
674	τῇ ταινᾰ́ρῳ	τη ταιναρω	674	n-s----d-	Ταίναρος	Ταιναρος	Taenarus
675	τὴν ταίνᾰρον	την ταιναρον	675	n-s----a-	Ταίναρος	Ταιναρος	Taenarus
676	ταίνᾰρε	ταιναρε	676	n-s----v-	Ταίναρος	Ταιναρος	Taenarus
